Salary,Termd,Position,State,DOB,Sex,MaritalDesc,CitizenDesc,HispanicLatino,RaceDesc,DateofHire,DateofTermination,TermReason,EmploymentStatus,Department,ManagerName,RecruitmentSource,PerformanceScore,EngagementSurvey,EmpSatisfaction,SpecialProjectsCount,LastPerformanceReview_Date,DaysLateLast30,Absences,Attrition,TenureYears,SalaryBand,Age,AgeGroup
62506,0,Production Technician I,MA,1983-07-10,M ,Single,US Citizen,No,White,2011-07-05,,N/A-StillEmployed,Active,Production       ,Michael Albert,LinkedIn,Exceeds,4.6,5,0,2019-01-17,0,1,No,14.695890410958905,High,42.701369863013696,40-50
104437,1,Sr. DBA,MA,2075-05-05,M ,Married,US Citizen,No,White,2015-03-30,2016-06-16,career change,Voluntarily Terminated,IT/IS,Simon Roup,Indeed,Fully Meets,4.96,3,6,2016-02-24,0,17,Yes,10.95890410958904,Executive,-49.18082191780822,
64955,1,Production Technician II,MA,1988-09-19,F,Married,US Citizen,No,White,2011-07-05,2012-09-24,hours,Voluntarily Terminated,Production       ,Kissy Sullivan,LinkedIn,Fully Meets,3.02,3,0,2012-05-15,0,3,Yes,14.695890410958905,High,37.5013698630137,30-40
64991,0,Production Technician I,MA,1988-09-27,F,Married,US Citizen,No,White,2008-01-07,,N/A-StillEmployed,Active,Production       ,Elijiah Gray,Indeed,Fully Meets,4.84,5,0,2019-01-03,0,15,No,18.18904109589041,High,37.47945205479452,30-40
50825,1,Production Technician I,MA,1989-09-08,F,Divorced,US Citizen,No,White,2011-07-11,2016-09-06,return to school,Voluntarily Terminated,Production       ,Webster Butler,Google Search,Fully Meets,5.0,4,0,2016-02-01,0,2,Yes,14.67945205479452,Medium,36.53150684931507,30-40
57568,0,Production Technician I,MA,1977-05-22,F,Single,US Citizen,No,White,2012-01-09,,N/A-StillEmployed,Active,Production       ,Amy Dunn,LinkedIn,Exceeds,5.0,5,0,2019-01-07,0,15,No,14.180821917808219,Medium,48.83835616438356,40-50
95660,0,Software Engineer,MA,1979-05-24,F,Single,US Citizen,No,White,2014-11-10,,N/A-StillEmployed,Active,Software Engineering,Alex Sweetwater,LinkedIn,Fully Meets,3.04,3,4,2019-01-02,0,19,No,11.342465753424657,Executive,46.83287671232877,40-50
59365,0,Production Technician I,MA,1983-02-18,M ,Widowed,US Citizen,No,White,2013-09-30,,N/A-StillEmployed,Active,Production       ,Ketsia Liebig,Employee Referral,Fully Meets,5.0,4,0,2019-02-25,0,19,No,12.454794520547946,Medium,43.09041095890411,40-50
47837,0,Production Technician I,MA,2070-02-11,F,Single,US Citizen,No,Black or African American,2009-07-06,,N/A-StillEmployed,Active,Production       ,Brannon Miller,Diversity Job Fair,Fully Meets,4.46,3,0,2019-01-25,0,4,No,16.693150684931506,Medium,-43.95068493150685,
50178,0,IT Support,MA,1988-01-07,M ,Divorced,US Citizen,No,White,2015-01-05,,N/A-StillEmployed,Active,IT/IS,Peter Monroe,Indeed,Fully Meets,5.0,5,6,2019-02-18,0,16,No,11.189041095890412,Medium,38.202739726027396,30-40
54670,1,Production Technician I,MA,2074-01-12,F,Married,US Citizen,Yes,Black or African American,2011-01-10,2017-01-12,Another position,Voluntarily Terminated,Production       ,David Stanley,Diversity Job Fair,Fully Meets,4.2,4,0,2016-01-30,0,12,Yes,15.178082191780822,Medium,-47.87123287671233,
47211,1,Production Technician I,MA,2074-02-21,M ,Married,US Citizen,Yes,Black or African American,2012-04-02,2016-09-19,unhappy,Voluntarily Terminated,Production       ,Kissy Sullivan,Diversity Job Fair,Fully Meets,4.2,3,0,2016-05-06,0,15,Yes,13.95068493150685,Medium,-47.98082191780822,
92328,0,Data Analyst,TX,1988-07-04,M ,Divorced,US Citizen,No,Black or African American,2014-11-10,,N/A-StillEmployed,Active,IT/IS,Simon Roup,Diversity Job Fair,Exceeds,4.28,4,5,2019-02-25,0,9,No,11.342465753424657,Executive,37.71232876712329,30-40
58709,0,Production Technician I,MA,1983-07-20,M ,Single,US Citizen,No,Two or more races,2012-02-20,,N/A-StillEmployed,Active,Production       ,Kelley Spirea,Google Search,Fully Meets,4.6,4,0,2019-02-14,0,7,No,14.065753424657535,Medium,42.673972602739724,40-50
52505,1,Production Technician I,MA,1977-07-15,M ,Divorced,US Citizen,No,White,2012-09-24,2017-04-06,Another position,Voluntarily Terminated,Production       ,Michael Albert,On-line Web application,Fully Meets,5.0,5,0,2017-03-02,0,1,Yes,13.471232876712328,Medium,48.69041095890411,40-50
57834,1,Production Technician I,MA,1981-10-18,M ,Single,US Citizen,No,White,2011-02-21,2017-08-04,attendance,Terminated for Cause,Production       ,Kelley Spirea,Google Search,Fully Meets,5.0,4,0,2017-04-05,0,20,Yes,15.063013698630137,Medium,44.42739726027397,40-50
70131,0,Production Technician II,MA,2066-04-17,F,Married,US Citizen,No,White,2016-07-21,,N/A-StillEmployed,Active,Production       ,Kelley Spirea,Employee Referral,Exceeds,4.4,3,0,2019-01-14,0,16,No,9.646575342465754,High,-40.12602739726027,
59026,0,Production Technician I,MA,2070-10-27,F,Single,Eligible NonCitizen,No,White,2011-04-04,,N/A-StillEmployed,Active,Production       ,Elijiah Gray,Google Search,Fully Meets,5.0,5,0,2019-01-14,0,12,No,14.947945205479453,Medium,-44.657534246575345,
110000,1,Database Administrator,MA,1986-04-04,F,Single,US Citizen,Yes,White,2014-07-07,2015-09-12,performance,Terminated for Cause,IT/IS,Simon Roup,Google Search,Fully Meets,4.5,4,5,2015-01-15,0,8,Yes,11.687671232876712,Executive,39.964383561643835,30-40
53250,0,Production Technician I,MA,1979-04-06,M ,Single,US Citizen,No,Asian,2013-07-08,,N/A-StillEmployed,Active,Production       ,Webster Butler,LinkedIn,Fully Meets,4.2,4,0,2019-01-11,0,13,No,12.684931506849315,Medium,46.964383561643835,40-50
51044,0,Production Technician I,MA,2070-12-22,M ,Single,US Citizen,Yes,White,2012-04-02,,N/A-StillEmployed,Active,Production       ,Amy Dunn,Google Search,Fully Meets,5.0,3,0,2019-01-14,0,13,No,13.95068493150685,Medium,-44.81095890410959,
64919,0,Production Technician I,MA,2058-12-27,F,Divorced,US Citizen,No,Asian,2013-08-19,,N/A-StillEmployed,Active,Production       ,Ketsia Liebig,Indeed,Fully Meets,4.2,3,0,2019-01-10,0,2,No,12.56986301369863,High,-32.81643835616438,
62910,0,Production Technician I,MA,1989-09-01,F,Married,US Citizen,No,White,2014-07-07,,N/A-StillEmployed,Active,Production       ,Brannon Miller,Indeed,Exceeds,5.0,3,0,2019-02-27,0,19,No,11.687671232876712,High,36.55068493150685,30-40
66441,0,Production Technician II,MA,1990-09-21,F,Single,US Citizen,No,White,2011-04-04,,N/A-StillEmployed,Active,Production       ,Michael Albert,CareerBuilder,Needs Improvement,2.0,3,0,2019-02-27,2,3,No,14.947945205479453,High,35.49589041095891,30-40
57815,1,Production Technician II,MA,2067-01-16,F,Single,US Citizen,No,White,2011-01-10,2014-04-04,career change,Voluntarily Terminated,Production       ,Elijiah Gray,Google Search,Fully Meets,4.8,5,0,2014-03-04,0,5,Yes,15.178082191780822,Medium,-40.87671232876713,
103613,1,Enterprise Architect,CT,2064-07-30,M ,Single,US Citizen,No,Black or African American,2014-02-17,2016-02-19,Learned that he is a gangster,Terminated for Cause,IT/IS,Simon Roup,LinkedIn,Fully Meets,3.5,5,7,2016-01-10,0,2,Yes,12.07123287671233,Executive,-38.41095890410959,
106367,0,Sr. Accountant,MA,1987-04-04,F,Married,US Citizen,No,Black or African American,2015-02-16,,N/A-StillEmployed,Active,Admin Offices,Brandon R. LeBlanc,Diversity Job Fair,Fully Meets,5.0,4,3,2019-02-18,0,4,No,11.073972602739726,Executive,38.964383561643835,30-40
74312,1,Production Manager,MA,2070-03-10,M ,Single,US Citizen,No,Asian,2013-09-30,2014-08-07,retiring,Voluntarily Terminated,Production       ,Janet King,Indeed,Fully Meets,3.39,3,0,2014-02-20,0,14,Yes,12.454794520547946,High,-44.02465753424657,
53492,1,Production Technician I,MA,1990-08-24,F,Married,US Citizen,No,White,2012-04-02,2013-06-15,Another position,Voluntarily Terminated,Production       ,David Stanley,Google Search,Fully Meets,3.35,4,0,2013-03-04,0,6,Yes,13.95068493150685,Medium,35.57260273972603,30-40
63000,0,Accountant I,MA,1987-11-24,F,Married,US Citizen,No,Black or African American,2008-10-27,,N/A-StillEmployed,Active,Admin Offices,Brandon R. LeBlanc,Diversity Job Fair,Fully Meets,4.5,2,6,2019-01-15,0,14,No,17.383561643835616,High,38.323287671232876,30-40
65288,0,Production Technician II,MA,1983-07-28,M ,Single,US Citizen,No,White,2014-09-29,,N/A-StillEmployed,Active,Production       ,Webster Butler,Google Search,Fully Meets,3.19,3,0,2019-02-01,0,9,No,11.457534246575342,High,42.652054794520545,40-50
64375,0,Production Technician I,MA,2069-10-30,F,Separated,US Citizen,No,Black or African American,2013-11-11,,N/A-StillEmployed,Active,Production       ,Kissy Sullivan,Diversity Job Fair,Fully Meets,3.5,5,0,2019-01-21,0,17,No,12.33972602739726,High,-43.66575342465753,
74326,1,Area Sales Manager,VA,2064-06-01,F,Married,Eligible NonCitizen,No,Black or African American,2011-08-15,2014-08-02,Another position,Voluntarily Terminated,Sales,John Smith,Google Search,Fully Meets,3.14,5,0,2013-02-10,1,19,Yes,14.583561643835617,High,-38.24931506849315,
63763,0,Production Technician II,MA,1980-03-02,F,Single,US Citizen,No,Black or African American,2012-03-05,,N/A-StillEmployed,Active,Production       ,Amy Dunn,Employee Referral,Fully Meets,4.51,4,0,2019-02-21,0,3,No,14.027397260273972,High,46.057534246575344,40-50
62162,0,Production Technician II,MA,1977-08-19,M ,Married,US Citizen,No,White,2011-04-04,,N/A-StillEmployed,Active,Production       ,Ketsia Liebig,Indeed,Fully Meets,3.25,5,0,2019-01-14,0,15,No,14.947945205479453,High,48.59452054794521,40-50
77692,0,Software Engineering Manager,MA,2066-11-22,M ,Single,US Citizen,No,White,2011-08-15,,N/A-StillEmployed,Active,Software Engineering,Jennifer Zamora,Google Search,Fully Meets,3.84,3,5,2019-01-21,0,4,No,14.583561643835617,High,-40.726027397260275,
72640,0,Production Manager,MA,1983-08-09,M ,Single,US Citizen,No,White,2016-01-28,,N/A-StillEmployed,Active,Production       ,Janet King,Indeed,Exceeds,5.0,3,0,2019-02-22,0,14,No,10.126027397260273,High,42.61917808219178,40-50
93396,0,Software Engineer,MA,1987-04-05,F,Single,US Citizen,No,White,2013-11-11,,N/A-StillEmployed,Active,Software Engineering,Alex Sweetwater,Indeed,Fully Meets,4.96,4,6,2019-01-30,0,3,No,12.33972602739726,Executive,38.961643835616435,30-40
52846,0,Production Technician I,MA,1983-02-02,M ,Single,US Citizen,No,Black or African American,2014-03-31,,N/A-StillEmployed,Active,Production       ,Kelley Spirea,LinkedIn,Fully Meets,4.43,3,0,2019-02-01,0,14,No,11.956164383561644,Medium,43.134246575342466,40-50
100031,0,Sr. DBA,MA,1986-06-06,F,Single,US Citizen,No,Black or African American,2016-06-30,,N/A-StillEmployed,Active,IT/IS,Simon Roup,LinkedIn,Fully Meets,5.0,5,6,2019-02-18,0,7,No,9.704109589041096,Executive,39.79178082191781,30-40
71860,0,Area Sales Manager,VT,2063-05-15,F,Single,US Citizen,No,White,2014-08-18,,N/A-StillEmployed,Active,Sales,John Smith,Indeed,Fully Meets,5.0,5,0,2019-01-21,0,7,No,11.572602739726028,High,-37.2,
61656,0,Production Technician I,MA,2051-01-02,F,Single,US Citizen,No,White,2014-09-29,,N/A-StillEmployed,Active,Production       ,Michael Albert,Google Search,Fully Meets,5.0,4,0,2019-02-12,0,11,No,11.457534246575342,High,-24.827397260273973,
110929,0,BI Director,MA,2072-02-09,M ,Married,US Citizen,No,White,2016-09-06,,N/A-StillEmployed,Active,IT/IS,Jennifer Zamora,Indeed,Fully Meets,4.5,5,7,2019-01-15,0,8,No,9.517808219178082,Executive,-45.945205479452056,
54237,0,Production Technician I,MA,1979-02-12,F,Single,US Citizen,No,White,2014-05-12,,N/A-StillEmployed,Active,Production       ,Elijiah Gray,Indeed,Fully Meets,3.3,4,0,2019-02-19,0,11,No,11.841095890410958,Medium,47.10958904109589,40-50
60380,0,Production Technician I,MA,1983-08-24,M ,Single,US Citizen,No,White,2013-07-08,,N/A-StillEmployed,Active,Production       ,Webster Butler,LinkedIn,Fully Meets,3.8,5,0,2019-01-14,0,4,No,12.684931506849315,High,42.57808219178082,40-50
66808,0,Area Sales Manager,TX,2070-06-11,M ,Single,Eligible NonCitizen,No,Black or African American,2012-05-14,,N/A-StillEmployed,Active,Sales,Lynn Daneault,Employee Referral,Fully Meets,3.0,5,0,2019-01-19,0,17,No,13.835616438356164,High,-44.27945205479452,
64786,1,Production Technician I,MA,1983-08-27,F,Single,US Citizen,No,White,2011-06-27,2015-11-15,relocation out of area,Voluntarily Terminated,Production       ,Amy Dunn,Indeed,Fully Meets,4.3,4,0,2015-03-10,0,3,Yes,14.717808219178082,High,42.56986301369863,40-50
64816,0,Production Technician I,MA,1988-05-31,F,Single,Non-Citizen,No,Black or African American,2011-10-03,,N/A-StillEmployed,Active,Production       ,Ketsia Liebig,Indeed,Fully Meets,3.58,5,0,2019-01-30,0,3,No,14.449315068493151,High,37.8054794520548,30-40
68678,0,IT Support,MA,1985-09-05,M ,Single,US Citizen,No,White,2012-09-05,,N/A-StillEmployed,Active,IT/IS,Eric Dougall,Indeed,Fully Meets,4.7,3,6,2019-02-27,0,2,No,13.523287671232877,High,40.54246575342466,40-50
64066,1,Production Technician II,MA,1981-08-31,F,Married,US Citizen,No,White,2011-05-16,2013-01-07,unhappy,Voluntarily Terminated,Production       ,Brannon Miller,Google Search,Fully Meets,4.2,5,0,2012-05-03,0,9,Yes,14.832876712328767,High,44.558904109589044,40-50
59369,1,Production Technician II,MA,1978-11-25,M ,Married,US Citizen,No,White,2010-08-30,2011-09-26,career change,Voluntarily Terminated,Production       ,David Stanley,Indeed,Fully Meets,4.2,4,0,2011-05-04,0,6,Yes,15.542465753424658,Medium,47.326027397260276,40-50
50373,0,Production Technician I,MA,1980-08-26,M ,Married,US Citizen,No,White,2016-07-06,,N/A-StillEmployed,Active,Production       ,Brannon Miller,Employee Referral,Exceeds,4.1,4,0,2019-02-28,0,5,No,9.687671232876712,Medium,45.57260273972603,40-50
63108,0,Production Technician I,MA,1977-09-08,M ,Single,US Citizen,No,White,2013-07-08,,N/A-StillEmployed,Active,Production       ,David Stanley,Employee Referral,Fully Meets,4.4,5,0,2019-01-14,0,3,No,12.684931506849315,High,48.53972602739726,40-50
59144,1,Production Technician I,MA,1979-08-12,M ,Single,US Citizen,No,Black or African American,2011-07-11,2016-09-23,performance,Terminated for Cause,Production       ,Kissy Sullivan,LinkedIn,Needs Improvement,2.0,3,0,2016-05-01,5,16,Yes,14.67945205479452,Medium,46.61369863013699,40-50
68051,0,Production Manager,MA,2075-12-17,M ,Divorced,US Citizen,No,White,2010-07-20,,N/A-StillEmployed,Active,Production       ,Janet King,CareerBuilder,Needs Improvement,4.13,2,0,2019-01-14,3,3,No,15.654794520547945,High,-49.8,
170500,0,Director of Operations,MA,1983-03-19,M ,Single,US Citizen,No,Black or African American,2009-01-05,,N/A-StillEmployed,Active,Production       ,Janet King,Indeed,Exceeds,3.7,5,0,2019-02-04,0,15,No,17.19178082191781,,43.010958904109586,40-50
63381,0,Production Technician I,MA,1977-03-31,F,Married,US Citizen,Yes,White,2015-01-05,,N/A-StillEmployed,Active,Production       ,Kelley Spirea,Indeed,Fully Meets,4.73,5,0,2019-02-14,0,6,No,11.189041095890412,High,48.98082191780822,40-50
83552,0,Data Analyst,MA,1986-08-26,M ,Married,US Citizen,No,White,2015-03-30,,N/A-StillEmployed,Active,IT/IS,Simon Roup,Indeed,Fully Meets,3.04,3,6,2019-01-22,0,2,No,10.95890410958904,Executive,39.56986301369863,30-40
56149,0,Production Technician I,MA,1987-04-10,F,Single,US Citizen,No,White,2016-07-06,,N/A-StillEmployed,Active,Production       ,Michael Albert,LinkedIn,Fully Meets,4.12,5,0,2019-01-28,0,15,No,9.687671232876712,Medium,38.94794520547945,30-40
92329,0,Sr. Network Engineer,CT,2065-09-09,M ,Single,US Citizen,No,White,2014-11-10,,N/A-StillEmployed,Active,IT/IS,Peter Monroe,Employee Referral,Fully Meets,5.0,3,4,2019-01-02,0,5,No,11.342465753424657,Executive,-39.52328767123288,
65729,0,Sales Manager,VT,1990-04-19,F,Single,US Citizen,No,White,2014-05-05,,N/A-StillEmployed,Active,Sales,Debra Houlihan,Indeed,Fully Meets,4.62,4,0,2019-01-24,0,8,No,11.860273972602739,High,35.92054794520548,30-40
85028,0,Sr. Network Engineer,CT,2052-01-18,F,Married,US Citizen,No,White,2014-11-10,,N/A-StillEmployed,Active,IT/IS,Peter Monroe,LinkedIn,Fully Meets,3.1,5,8,2019-02-12,0,19,No,11.342465753424657,Executive,-25.87123287671233,
57583,0,Production Technician I,MA,1978-11-05,F,Married,US Citizen,No,White,2012-07-02,,N/A-StillEmployed,Active,Production       ,Elijiah Gray,Indeed,Fully Meets,5.0,3,0,2019-02-25,0,1,No,13.7013698630137,Medium,47.38082191780822,40-50
56294,0,Production Technician II,MA,1979-09-14,M ,Single,Eligible NonCitizen,No,Two or more races,2011-11-07,,N/A-StillEmployed,Active,Production       ,Kissy Sullivan,LinkedIn,Fully Meets,3.96,4,0,2019-02-27,0,6,No,14.353424657534246,Medium,46.52328767123288,40-50
56991,0,Production Technician I,MA,1988-04-15,M ,Married,US Citizen,No,White,2018-07-09,,N/A-StillEmployed,Active,Production       ,Brannon Miller,Indeed,Fully Meets,4.3,4,3,2019-01-31,2,2,No,7.67945205479452,Medium,37.93150684931507,30-40
55722,1,Production Technician I,MA,1977-10-31,M ,Married,US Citizen,No,White,2011-05-16,2016-06-08,unhappy,Voluntarily Terminated,Production       ,Webster Butler,Indeed,Fully Meets,5.0,4,0,2016-04-02,0,14,Yes,14.832876712328767,Medium,48.394520547945206,40-50
101199,0,Software Engineer,MA,1979-07-05,F,Single,US Citizen,No,Black or African American,2012-01-09,,N/A-StillEmployed,Active,Software Engineering,Alex Sweetwater,CareerBuilder,Fully Meets,3.79,5,5,2019-01-25,0,8,No,14.180821917808219,Executive,46.71780821917808,40-50
61568,0,Area Sales Manager,AL,2075-11-02,M ,Single,US Citizen,No,Two or more races,2014-09-29,,N/A-StillEmployed,Active,Sales,John Smith,Indeed,PIP,1.93,3,0,2019-01-30,6,5,No,11.457534246575342,High,-49.676712328767124,
58275,1,Production Technician II,MA,2051-02-25,F,Separated,US Citizen,No,Black or African American,2011-04-04,2015-11-04,more money,Voluntarily Terminated,Production       ,Kelley Spirea,Google Search,Fully Meets,4.62,5,0,2015-05-06,0,1,Yes,14.947945205479453,Medium,-24.975342465753425,
53189,0,Production Technician I,MA,2067-04-19,M ,Married,US Citizen,No,White,2014-07-07,,N/A-StillEmployed,Active,Production       ,Amy Dunn,Indeed,PIP,1.12,2,0,2019-01-31,4,9,No,11.687671232876712,Medium,-41.131506849315066,
96820,0,BI Developer,MA,1983-09-04,M ,Single,US Citizen,No,White,2017-02-15,,N/A-StillEmployed,Active,IT/IS,Brian Champaigne,Indeed,Fully Meets,3.01,5,7,2019-01-23,0,15,No,9.073972602739726,Executive,42.54794520547945,40-50
51259,0,Production Technician I,MA,1982-11-15,M ,Single,US Citizen,No,White,2014-05-12,,N/A-StillEmployed,Active,Production       ,Ketsia Liebig,Indeed,Fully Meets,4.3,4,0,2019-02-19,0,1,No,11.841095890410958,Medium,43.35068493150685,40-50
59231,0,Area Sales Manager,WA,1987-05-14,F,Single,US Citizen,Yes,White,2012-02-20,,N/A-StillEmployed,Active,Sales,John Smith,Website,PIP,2.3,1,0,2019-01-29,2,17,No,14.065753424657535,Medium,38.85479452054795,30-40
61584,0,Production Technician I,MA,1978-12-02,F,Married,US Citizen,No,Black or African American,2013-01-07,,N/A-StillEmployed,Active,Production       ,Brannon Miller,Indeed,Needs Improvement,3.88,4,0,2019-01-18,0,6,No,13.183561643835617,High,47.30684931506849,40-50
46335,0,Production Technician I,MA,1986-10-07,F,Single,US Citizen,Yes,White,2012-04-02,,N/A-StillEmployed,Active,Production       ,David Stanley,CareerBuilder,Fully Meets,3.4,5,0,2019-02-19,0,15,No,13.95068493150685,Medium,39.45479452054794,30-40
70621,0,IT Support,MA,1988-07-18,F,Married,US Citizen,No,White,2015-01-05,,N/A-StillEmployed,Active,IT/IS,Peter Monroe,Employee Referral,Fully Meets,4.11,4,6,2019-02-25,0,16,No,11.189041095890412,High,37.673972602739724,30-40
138888,0,IT Manager - Support,MA,2070-07-09,M ,Single,US Citizen,No,Black or African American,2014-01-05,,N/A-StillEmployed,Active,IT/IS,Jennifer Zamora,Indeed,Exceeds,4.3,5,5,2019-01-04,0,4,No,12.189041095890412,,-44.35616438356164,
74241,0,Area Sales Manager,CA,1988-11-08,F,Single,US Citizen,No,White,2011-01-10,,N/A-StillEmployed,Active,Sales,Lynn Daneault,Indeed,Exceeds,4.77,5,0,2019-01-27,0,14,No,15.178082191780822,High,37.364383561643834,30-40
75188,0,Production Manager,MA,2073-11-28,F,Single,US Citizen,No,White,2014-09-18,,N/A-StillEmployed,Active,Production       ,Janet King,Google Search,Fully Meets,4.52,4,0,2019-01-15,0,4,No,11.487671232876712,High,-47.74794520547945,
62514,0,Production Technician I,MA,2073-09-23,F,Married,US Citizen,No,White,2010-04-26,,N/A-StillEmployed,Active,Production       ,Ketsia Liebig,Google Search,Fully Meets,2.9,3,0,2019-01-21,0,6,No,15.887671232876713,High,-47.56712328767123,
60070,1,Production Technician I,MA,1991-09-05,F,Married,US Citizen,No,White,2011-04-04,2017-06-06,military,Voluntarily Terminated,Production       ,Kissy Sullivan,Google Search,Fully Meets,5.0,3,0,2017-04-09,0,7,Yes,14.947945205479453,High,34.53972602739726,30-40
48888,0,Production Technician I,MA,2074-05-31,M ,Single,US Citizen,No,White,2014-11-10,,N/A-StillEmployed,Active,Production       ,Kelley Spirea,LinkedIn,Fully Meets,4.7,5,0,2019-02-13,0,8,No,11.342465753424657,Medium,-48.25205479452055,
54285,0,Production Technician I,MA,1978-08-25,M ,Married,US Citizen,No,White,2014-03-31,,N/A-StillEmployed,Active,Production       ,Kelley Spirea,Employee Referral,Fully Meets,4.2,3,0,2019-01-11,0,3,No,11.956164383561644,Medium,47.57808219178082,40-50
56847,0,Production Technician II,MA,1989-08-25,F,Separated,US Citizen,No,White,2014-07-07,,N/A-StillEmployed,Active,Production       ,Michael Albert,Indeed,PIP,3.0,1,0,2019-02-25,2,5,No,11.687671232876712,Medium,36.56986301369863,30-40
60340,1,Production Technician I,MA,1983-09-02,M ,Single,US Citizen,No,White,2012-04-02,2018-09-27,attendance,Terminated for Cause,Production       ,Michael Albert,Google Search,Needs Improvement,5.0,4,0,2018-04-12,5,16,Yes,13.95068493150685,High,42.553424657534244,40-50
59124,1,Production Technician I,MA,1989-05-06,F,Single,US Citizen,No,White,2014-02-17,2018-02-25,"no-call, no-show",Terminated for Cause,Production       ,Elijiah Gray,Google Search,Needs Improvement,2.3,3,0,2017-01-15,5,19,Yes,12.07123287671233,Medium,36.87397260273973,30-40
99280,1,Software Engineer,MA,1987-05-15,F,Married,US Citizen,No,Black or African American,2011-05-02,2013-06-05,attendance,Terminated for Cause,Software Engineering,Alex Sweetwater,Indeed,Needs Improvement,2.1,5,4,2012-08-10,4,19,Yes,14.871232876712329,Executive,38.85205479452055,30-40
71776,0,Production Technician II,MA,1978-09-22,F,Married,US Citizen,No,Black or African American,2014-07-07,,N/A-StillEmployed,Active,Production       ,Elijiah Gray,LinkedIn,Fully Meets,4.4,5,0,2019-02-22,0,17,No,11.687671232876712,High,47.5013698630137,40-50
65902,0,Production Technician II,MA,1987-09-27,F,Single,US Citizen,No,Black or African American,2014-02-17,,N/A-StillEmployed,Active,Production       ,Webster Butler,LinkedIn,Fully Meets,4.0,4,0,2019-01-07,0,7,No,12.07123287671233,High,38.48219178082192,30-40
57748,1,Production Technician I,MA,2055-04-14,F,Married,US Citizen,No,White,2011-11-07,2016-05-17,military,Voluntarily Terminated,Production       ,Webster Butler,Google Search,Fully Meets,3.13,3,0,2016-02-04,0,16,Yes,14.353424657534246,Medium,-29.10958904109589,
64057,0,Production Technician I,MA,1989-10-18,M ,Married,US Citizen,No,White,2015-05-11,,N/A-StillEmployed,Active,Production       ,Amy Dunn,Indeed,PIP,1.56,5,0,2019-01-03,6,15,No,10.843835616438357,High,36.42191780821918,30-40
53366,0,Network Engineer,MA,1987-06-18,M ,Single,US Citizen,No,White,2015-03-30,,N/A-StillEmployed,Active,IT/IS,Peter Monroe,LinkedIn,PIP,1.2,3,6,2019-02-04,3,2,No,10.95890410958904,Medium,38.75890410958904,30-40
58530,0,Production Technician I,MA,1981-03-16,F,Married,US Citizen,No,White,2012-01-09,,N/A-StillEmployed,Active,Production       ,Brannon Miller,Google Search,Fully Meets,5.0,5,0,2019-01-29,0,19,No,14.180821917808219,Medium,45.01917808219178,40-50
72609,1,Production Technician II,MA,1981-10-01,M ,Single,US Citizen,Yes,White,2011-05-16,2013-06-24,hours,Voluntarily Terminated,Production       ,Amy Dunn,Google Search,Fully Meets,4.76,5,0,2013-04-05,0,20,Yes,14.832876712328767,High,44.47397260273973,40-50
55965,1,Production Technician II,MA,1983-11-08,F,Married,US Citizen,No,White,2011-04-04,2013-01-09,career change,Voluntarily Terminated,Production       ,Ketsia Liebig,Google Search,Fully Meets,3.66,3,0,2012-01-07,0,6,Yes,14.947945205479453,Medium,42.36986301369863,40-50
70187,1,Area Sales Manager,MA,2075-07-07,M ,Married,US Citizen,No,White,2014-09-29,2018-08-19,Fatal attraction,Terminated for Cause,Sales,Lynn Daneault,Employee Referral,PIP,2.0,5,0,2019-01-28,4,7,Yes,11.457534246575342,High,-49.35342465753425,
178000,0,IT Director,MA,1980-07-05,M ,Single,US Citizen,No,Black or African American,2011-04-15,,N/A-StillEmployed,Active,IT/IS,Jennifer Zamora,Indeed,Exceeds,5.0,5,5,2019-01-07,0,15,No,14.917808219178083,,45.71506849315068,40-50
99351,0,Sr. Accountant,MA,1979-04-16,F,Married,US Citizen,no,White,2009-01-05,,N/A-StillEmployed,Active,Admin Offices,Board of Directors,Other,Fully Meets,5.0,3,2,2019-02-08,0,3,No,17.19178082191781,Executive,46.93698630136986,40-50
67251,0,Area Sales Manager,CT,2063-08-28,M ,Single,US Citizen,No,Black or African American,2011-09-06,,N/A-StillEmployed,Active,Sales,Lynn Daneault,CareerBuilder,Fully Meets,4.3,3,0,2019-01-27,2,7,No,14.523287671232877,High,-37.487671232876714,
65707,0,IT Support,CT,2068-07-06,F,Single,US Citizen,No,White,2010-05-01,,N/A-StillEmployed,Active,IT/IS,Eric Dougall,LinkedIn,Fully Meets,4.7,4,5,2019-02-01,0,1,No,15.873972602739727,High,-42.347945205479455,
52249,0,Production Technician I,MA,1985-09-15,M ,Single,US Citizen,Yes,White,2015-03-30,,N/A-StillEmployed,Active,Production       ,David Stanley,Employee Referral,Fully Meets,4.5,3,0,2019-02-18,0,5,No,10.95890410958904,Medium,40.515068493150686,40-50
53171,0,Production Technician I,MA,1983-12-02,F,Single,US Citizen,Yes,Black or African American,2011-05-16,,N/A-StillEmployed,Active,Production       ,Kelley Spirea,LinkedIn,Fully Meets,4.2,4,0,2019-02-26,0,12,No,14.832876712328767,Medium,42.3041095890411,40-50
51337,0,Production Technician I,MA,1990-10-01,F,Married,US Citizen,No,Black or African American,2015-03-30,,N/A-StillEmployed,Active,Production       ,Michael Albert,LinkedIn,Fully Meets,3.73,3,0,2019-01-16,0,19,No,10.95890410958904,Medium,35.46849315068493,30-40
51505,1,Production Technician I,MA,2070-05-15,F,Divorced,US Citizen,No,Black or African American,2011-11-07,2016-11-15,hours,Voluntarily Terminated,Production       ,Elijiah Gray,Diversity Job Fair,Fully Meets,4.24,4,0,2016-04-29,0,2,Yes,14.353424657534246,Medium,-44.205479452054796,
59370,1,Area Sales Manager,OH,2071-07-10,F,Widowed,US Citizen,No,Black or African American,2014-07-07,2015-09-05,attendance,Terminated for Cause,Sales,John Smith,CareerBuilder,Fully Meets,3.97,4,0,2014-01-15,0,7,Yes,11.687671232876712,Medium,-45.35890410958904,
54933,1,Production Technician I,MA,2074-08-09,M ,Married,US Citizen,No,Black or African American,2012-04-02,2015-06-25,military,Voluntarily Terminated,Production       ,Webster Butler,Diversity Job Fair,Needs Improvement,3.97,4,0,2015-01-20,3,15,Yes,13.95068493150685,Medium,-48.443835616438356,
57815,0,Production Technician I,MA,1980-05-08,F,Single,US Citizen,Yes,Two or more races,2014-09-29,,N/A-StillEmployed,Active,Production       ,Amy Dunn,Indeed,Exceeds,3.9,4,0,2019-02-07,0,3,No,11.457534246575342,Medium,45.87397260273973,40-50
61555,0,Area Sales Manager,IN,1989-09-22,F,Single,US Citizen,No,White,2015-02-16,,N/A-StillEmployed,Active,Sales,Lynn Daneault,Indeed,Fully Meets,4.5,5,0,2019-01-25,0,20,No,11.073972602739726,High,36.49315068493151,30-40
114800,1,Database Administrator,MA,2071-10-23,F,Single,US Citizen,No,White,2015-02-16,2015-03-15,"no-call, no-show",Terminated for Cause,IT/IS,Simon Roup,Indeed,Fully Meets,4.6,4,4,2015-01-20,0,10,Yes,11.073972602739726,Executive,-45.64657534246575,
74679,0,IT Support,MA,1989-11-24,M ,Married,US Citizen,Yes,White,2015-03-30,,N/A-StillEmployed,Active,IT/IS,Peter Monroe,LinkedIn,Fully Meets,4.3,5,7,2019-01-10,0,20,No,10.95890410958904,High,36.320547945205476,30-40
53018,0,Production Technician I,MA,1992-06-18,F,Single,US Citizen,Yes,White,2013-11-11,,N/A-StillEmployed,Active,Production       ,Ketsia Liebig,Indeed,Fully Meets,4.3,5,0,2019-02-18,0,7,No,12.33972602739726,Medium,33.75342465753425,30-40
59892,0,Production Technician I,MA,2069-09-29,M ,Divorced,US Citizen,No,Black or African American,2011-07-11,,N/A-StillEmployed,Active,Production       ,Brannon Miller,Diversity Job Fair,Exceeds,4.5,4,0,2019-02-18,0,1,No,14.67945205479452,Medium,-43.58082191780822,
68898,1,Production Technician II,MA,2064-10-12,M ,Married,US Citizen,No,Black or African American,2010-04-26,2011-05-30,career change,Voluntarily Terminated,Production       ,Brannon Miller,Diversity Job Fair,PIP,3.0,3,0,2011-03-06,3,10,Yes,15.887671232876713,High,-38.61369863013699,
61242,0,IT Support,MA,1981-04-16,F,Separated,US Citizen,Yes,White,2015-01-05,,N/A-StillEmployed,Active,IT/IS,Peter Monroe,Employee Referral,Fully Meets,4.61,4,5,2019-01-28,0,11,No,11.189041095890412,High,44.93424657534246,40-50
66825,0,Production Technician II,MA,1986-05-25,F,Married,US Citizen,No,White,2014-05-12,,N/A-StillEmployed,Active,Production       ,David Stanley,LinkedIn,Fully Meets,4.6,3,0,2019-02-07,0,20,No,11.841095890410958,High,39.824657534246576,30-40
48285,0,Production Technician I,MA,1979-05-21,M ,Married,US Citizen,No,White,2012-07-02,,N/A-StillEmployed,Active,Production       ,David Stanley,LinkedIn,Fully Meets,5.0,3,0,2019-01-14,0,2,No,13.7013698630137,Medium,46.84109589041096,40-50
66149,0,Production Technician II,MA,1983-12-08,F,Separated,US Citizen,No,American Indian or Alaska Native,2013-09-30,,N/A-StillEmployed,Active,Production       ,Kissy Sullivan,Google Search,Fully Meets,4.4,5,0,2019-02-21,0,1,No,12.454794520547946,High,42.28767123287671,40-50
49256,0,Production Technician I,MA,2074-10-09,F,Married,US Citizen,No,Asian,2013-08-19,,N/A-StillEmployed,Active,Production       ,Kissy Sullivan,LinkedIn,Fully Meets,4.1,5,0,2019-02-15,0,3,No,12.56986301369863,Medium,-48.61095890410959,
62957,0,Production Manager,MA,1981-07-11,M ,Divorced,US Citizen,No,White,2015-06-02,,N/A-StillEmployed,Active,Production       ,Janet King,Employee Referral,Fully Meets,4.63,3,0,2019-01-04,0,2,No,10.783561643835617,High,44.6986301369863,40-50
63813,1,Production Technician I,MA,1983-05-21,F,Divorced,US Citizen,No,White,2011-02-21,2014-01-11,more money,Voluntarily Terminated,Production       ,Kelley Spirea,CareerBuilder,Fully Meets,5.0,5,0,2013-06-03,0,17,Yes,15.063013698630137,High,42.83835616438356,40-50
99020,0,BI Developer,MA,1989-06-30,M ,Married,US Citizen,No,Black or African American,2017-04-20,,N/A-StillEmployed,Active,IT/IS,Brian Champaigne,Indeed,Fully Meets,4.2,5,5,2019-01-28,0,8,No,8.898630136986302,Executive,36.723287671232875,30-40
71707,1,Area Sales Manager,TN,2069-02-09,M ,Single,US Citizen,No,Two or more races,2012-03-07,2014-10-31,relocation out of area,Voluntarily Terminated,Sales,John Smith,LinkedIn,Fully Meets,4.5,5,0,2013-02-01,0,20,Yes,14.021917808219179,High,-42.945205479452056,
54828,0,Production Technician I,MA,1977-03-23,F,Married,US Citizen,No,White,2011-11-28,,N/A-StillEmployed,Active,Production       ,Michael Albert,Google Search,Fully Meets,4.2,4,0,2019-02-22,0,13,No,14.295890410958904,Medium,49.0027397260274,40-50
64246,0,Production Technician II,MA,1988-08-10,M ,Single,US Citizen,Yes,White,2013-11-11,,N/A-StillEmployed,Active,Production       ,Kelley Spirea,LinkedIn,Fully Meets,5.0,3,0,2019-01-08,0,20,No,12.33972602739726,High,37.61095890410959,30-40
52177,1,Production Technician I,MA,2052-08-18,F,Single,US Citizen,No,White,2012-01-09,2015-12-15,retiring,Voluntarily Terminated,Production       ,Webster Butler,CareerBuilder,Fully Meets,4.64,4,0,2015-05-02,0,8,Yes,14.180821917808219,Medium,-26.454794520547946,
62065,0,Production Technician I,MA,2074-05-02,F,Married,US Citizen,No,White,2014-05-12,,N/A-StillEmployed,Active,Production       ,Amy Dunn,CareerBuilder,Exceeds,4.76,4,0,2019-02-15,0,5,No,11.841095890410958,High,-48.172602739726024,
46998,0,Production Technician I,MA,1984-01-04,M ,Single,US Citizen,No,White,2012-08-13,,N/A-StillEmployed,Active,Production       ,Ketsia Liebig,Google Search,Fully Meets,4.17,4,0,2019-02-11,0,1,No,13.586301369863014,Medium,42.21369863013699,40-50
68099,1,Production Technician II,MA,2072-08-27,F,Single,US Citizen,No,White,2011-01-10,2013-06-18,hours,Voluntarily Terminated,Production       ,Kelley Spirea,CareerBuilder,Fully Meets,5.0,3,0,2013-01-30,0,15,Yes,15.178082191780822,High,-46.49315068493151,
70545,0,Area Sales Manager,NH,1988-09-14,M ,Married,US Citizen,No,American Indian or Alaska Native,2014-08-18,,N/A-StillEmployed,Active,Sales,John Smith,Indeed,Fully Meets,3.6,5,0,2019-01-30,0,9,No,11.572602739726028,High,37.515068493150686,30-40
63478,1,Production Technician II,MA,1984-02-16,F,Married,Non-Citizen,No,White,2011-08-15,2012-04-07,relocation out of area,Voluntarily Terminated,Production       ,Michael Albert,Indeed,Fully Meets,3.03,5,0,2012-03-05,0,16,Yes,14.583561643835617,High,42.0958904109589,40-50
97999,0,Database Administrator,MA,1984-02-21,F,Single,US Citizen,No,White,2015-03-30,,N/A-StillEmployed,Active,IT/IS,Simon Roup,Indeed,Fully Meets,4.48,5,6,2019-01-03,0,4,No,10.95890410958904,Executive,42.082191780821915,40-50
180000,0,Director of Sales,RI,2066-03-17,F,Married,US Citizen,No,White,2014-05-05,,N/A-StillEmployed,Active,Sales,Janet King,LinkedIn,Fully Meets,4.5,4,0,2019-01-21,0,19,No,11.860273972602739,,-40.04109589041096,
49920,1,Administrative Assistant,MA,1985-09-16,F,Married,US Citizen,No,Black or African American,2015-02-16,2015-04-15,"no-call, no-show",Terminated for Cause,Admin Offices,Brandon R. LeBlanc,Indeed,Fully Meets,3.24,3,4,2015-04-15,0,6,Yes,11.073972602739726,Medium,40.512328767123286,40-50
55425,0,Production Technician I,MA,1986-06-10,F,Single,US Citizen,No,White,2012-02-20,,N/A-StillEmployed,Active,Production       ,Ketsia Liebig,LinkedIn,Fully Meets,4.8,4,0,2019-01-07,0,4,No,14.065753424657535,Medium,39.78082191780822,30-40
69340,0,Production Technician II,MA,1984-03-11,F,Single,US Citizen,No,White,2016-06-06,,N/A-StillEmployed,Active,Production       ,Elijiah Gray,LinkedIn,Fully Meets,3.0,5,0,2019-01-18,0,4,No,9.76986301369863,High,42.03013698630137,40-50
64995,0,Production Technician II,MA,1992-05-07,F,Separated,US Citizen,No,White,2015-06-05,,N/A-StillEmployed,Active,Production       ,Webster Butler,Indeed,Fully Meets,4.5,3,0,2019-02-14,0,6,No,10.775342465753425,High,33.868493150684934,30-40
68182,1,Production Technician II,MA,1976-09-22,F,Divorced,US Citizen,No,White,2011-02-21,2013-04-01,unhappy,Voluntarily Terminated,Production       ,Amy Dunn,Google Search,Fully Meets,3.72,3,0,2013-02-01,0,18,Yes,15.063013698630137,High,49.5013698630137,40-50
83082,1,Production Manager,MA,1976-11-15,M ,Married,US Citizen,No,Asian,2011-02-21,2012-09-24,unhappy,Voluntarily Terminated,Production       ,Janet King,Indeed,Needs Improvement,2.34,2,0,2012-04-12,3,4,Yes,15.063013698630137,Executive,49.35342465753425,40-50
51908,0,Production Technician I,MA,1991-01-28,F,Single,US Citizen,No,White,2013-08-19,,N/A-StillEmployed,Active,Production       ,Brannon Miller,Indeed,Fully Meets,3.99,3,0,2019-01-14,0,14,No,12.56986301369863,Medium,35.14246575342466,30-40
61242,0,Production Technician I,MA,2072-09-11,F,Single,US Citizen,No,Black or African American,2012-11-05,,N/A-StillEmployed,Active,Production       ,David Stanley,LinkedIn,Fully Meets,4.1,3,0,2019-01-17,0,7,No,13.356164383561644,High,-46.534246575342465,
45069,0,Production Technician I,MA,2066-03-22,F,Divorced,US Citizen,No,White,2013-09-30,,N/A-StillEmployed,Active,Production       ,Kissy Sullivan,Employee Referral,Fully Meets,4.3,5,0,2019-02-22,0,7,No,12.454794520547946,Medium,-40.054794520547944,
60724,0,Production Technician II,MA,1986-11-06,F,Divorced,US Citizen,No,American Indian or Alaska Native,2011-07-05,,N/A-StillEmployed,Active,Production       ,Ketsia Liebig,LinkedIn,Exceeds,4.6,4,0,2019-02-25,0,11,No,14.695890410958905,High,39.37260273972603,30-40
60436,0,Production Technician I,MA,2064-04-13,F,Separated,US Citizen,No,White,2014-01-06,,N/A-StillEmployed,Active,Production       ,Kelley Spirea,LinkedIn,Fully Meets,5.0,5,0,2019-01-21,0,9,No,12.186301369863013,High,-38.11506849315069,
46837,1,Production Technician I,MA,2059-08-19,M ,Married,US Citizen,No,White,2011-11-07,2018-04-29,more money,Voluntarily Terminated,Production       ,Michael Albert,CareerBuilder,Exceeds,4.7,4,0,2018-02-14,0,9,Yes,14.353424657534246,Medium,-33.46027397260274,
105700,0,Database Administrator,MA,1986-11-07,F,Married,US Citizen,No,Asian,2015-01-05,,N/A-StillEmployed,Active,IT/IS,Simon Roup,Indeed,Fully Meets,3.75,3,5,2019-02-11,0,2,No,11.189041095890412,Executive,39.36986301369863,30-40
63322,0,Production Technician II,MA,2069-09-08,F,Single,US Citizen,No,White,2014-07-07,,N/A-StillEmployed,Active,Production       ,Brannon Miller,LinkedIn,Exceeds,4.3,3,0,2019-01-11,0,1,No,11.687671232876712,High,-43.52328767123288,
61154,1,Production Technician I,MA,1986-04-17,F,Married,US Citizen,No,Black or African American,2011-01-10,2016-04-01,unhappy,Voluntarily Terminated,Production       ,Elijiah Gray,CareerBuilder,Fully Meets,4.0,4,0,2016-02-03,0,4,Yes,15.178082191780822,High,39.92876712328767,30-40
68999,1,Sales Manager,PA,1989-11-11,F,Single,US Citizen,No,White,2011-11-07,2014-04-24,maternity leave - did not return,Voluntarily Terminated,Sales,Debra Houlihan,Google Search,Fully Meets,4.5,5,0,2013-03-30,0,2,Yes,14.353424657534246,High,36.35616438356164,30-40
50482,0,Production Technician I,MA,1976-01-19,M ,Single,US Citizen,No,White,2013-09-30,,N/A-StillEmployed,Active,Production       ,Michael Albert,Indeed,Fully Meets,3.07,4,0,2019-01-23,0,10,No,12.454794520547946,Medium,50.178082191780824,50+
65310,0,Area Sales Manager,CO,1979-11-27,M ,Single,US Citizen,No,White,2013-08-19,,N/A-StillEmployed,Active,Sales,Lynn Daneault,Indeed,Fully Meets,4.3,5,0,2019-01-22,0,13,No,12.56986301369863,High,46.320547945205476,40-50
250000,0,President & CEO,MA,2054-09-21,F,Married,US Citizen,Yes,White,2012-07-02,,N/A-StillEmployed,Active,Executive Office,Board of Directors,Indeed,Fully Meets,4.83,3,0,2019-01-17,0,10,No,13.7013698630137,,-28.54794520547945,
54005,1,Production Technician I,MA,2073-12-08,F,Married,US Citizen,No,White,2011-09-26,2015-06-04,more money,Voluntarily Terminated,Production       ,Webster Butler,Google Search,Fully Meets,3.6,5,0,2015-03-01,0,16,Yes,14.468493150684932,Medium,-47.775342465753425,
45433,1,Production Technician I,MA,2070-10-08,F,Married,US Citizen,No,White,2011-09-26,2014-01-09,more money,Voluntarily Terminated,Production       ,Amy Dunn,Google Search,Fully Meets,3.49,4,0,2013-01-30,0,6,Yes,14.468493150684932,Medium,-44.605479452054794,
46654,0,Production Technician I,MA,1977-11-10,M ,Single,US Citizen,No,Black or African American,2014-02-17,,N/A-StillEmployed,Active,Production       ,Ketsia Liebig,LinkedIn,Fully Meets,3.1,3,0,2019-02-06,0,3,No,12.07123287671233,Medium,48.367123287671234,40-50
63973,0,Production Technician I,MA,1980-02-02,M ,Married,US Citizen,No,Asian,2011-01-10,,N/A-StillEmployed,Active,Production       ,Brannon Miller,Indeed,Fully Meets,3.38,3,0,2019-01-21,0,17,No,15.178082191780822,High,46.136986301369866,40-50
71339,0,Area Sales Manager,NY,2069-02-24,M ,Single,US Citizen,Yes,Black or African American,2011-03-07,,N/A-StillEmployed,Active,Sales,John Smith,Diversity Job Fair,Fully Meets,3.65,5,0,2019-01-17,0,20,No,15.024657534246575,High,-42.986301369863014,
93206,0,Sr. Network Engineer,MA,1986-04-23,M ,Married,US Citizen,No,White,2014-11-10,,N/A-StillEmployed,Active,IT/IS,Peter Monroe,Employee Referral,Fully Meets,4.46,5,6,2019-01-07,0,7,No,11.342465753424657,Executive,39.912328767123284,30-40
82758,1,Production Manager,MA,2072-07-01,M ,Married,US Citizen,No,White,2011-01-10,2015-12-12,attendance,Terminated for Cause,Production       ,Janet King,Employee Referral,Fully Meets,4.78,4,0,2015-02-15,0,9,Yes,15.178082191780822,Executive,-46.33698630136986,
66074,1,Production Technician II,MA,1979-07-25,F,Divorced,US Citizen,No,Asian,2013-01-07,2014-03-31,Another position,Voluntarily Terminated,Production       ,David Stanley,Indeed,Fully Meets,4.52,3,0,2014-02-20,0,20,Yes,13.183561643835617,High,46.66301369863014,40-50
46120,0,Production Technician I,MA,1986-12-09,M ,Married,US Citizen,No,White,2012-07-09,,N/A-StillEmployed,Active,Production       ,David Stanley,LinkedIn,Fully Meets,5.0,5,0,2019-02-04,0,13,No,13.682191780821919,Medium,39.28219178082192,30-40
64520,0,Accountant I,MA,1984-04-26,M ,Divorced,US Citizen,No,Black or African American,2014-01-06,,N/A-StillEmployed,Active,Admin Offices,Brandon R. LeBlanc,Website,Fully Meets,5.0,4,4,2019-01-17,0,3,No,12.186301369863013,High,41.9041095890411,40-50
61962,1,Production Technician II,MA,1984-05-09,M ,Married,US Citizen,No,White,2012-04-02,2013-04-15,more money,Voluntarily Terminated,Production       ,Kissy Sullivan,Google Search,Fully Meets,4.9,3,0,2013-02-20,0,20,Yes,13.95068493150685,High,41.868493150684934,40-50
81584,0,Senior BI Developer,MA,1987-06-14,F,Single,US Citizen,No,Asian,2016-10-02,,N/A-StillEmployed,Active,IT/IS,Brian Champaigne,Indeed,Fully Meets,4.1,5,7,2019-01-08,0,2,No,9.446575342465753,Executive,38.76986301369863,30-40
63676,1,Production Technician I,MA,1979-01-17,F,Single,US Citizen,No,Asian,2011-09-26,2018-08-19,return to school,Voluntarily Terminated,Production       ,Kissy Sullivan,CareerBuilder,Fully Meets,4.88,3,0,2017-07-02,0,17,Yes,14.468493150684932,High,47.18082191780822,40-50
93046,0,Shared Services Manager,MA,1984-06-10,M ,Married,US Citizen,No,White,2016-01-05,,N/A-StillEmployed,Active,Admin Offices,Janet King,CareerBuilder,Fully Meets,4.1,4,0,2019-01-28,0,20,No,10.189041095890412,Executive,41.78082191780822,40-50
64738,0,Production Technician I,MA,1982-09-02,M ,Married,US Citizen,No,Asian,2012-05-14,,N/A-StillEmployed,Active,Production       ,Elijiah Gray,Google Search,Fully Meets,4.1,3,0,2019-02-22,0,10,No,13.835616438356164,High,43.553424657534244,40-50
70468,0,Area Sales Manager,UT,1988-12-27,M ,Separated,US Citizen,No,Black or African American,2012-04-30,,N/A-StillEmployed,Active,Sales,John Smith,Website,Fully Meets,4.53,3,0,2019-01-29,0,16,No,13.873972602739727,High,37.23013698630137,30-40
77915,0,Production Manager,MA,1981-10-26,F,Married,US Citizen,No,White,2013-09-30,,N/A-StillEmployed,Active,Production       ,Janet King,Website,Exceeds,4.1,3,0,2019-01-21,0,11,No,12.454794520547946,High,44.40547945205479,40-50
52624,1,Production Technician I,MA,1981-03-26,F,Married,US Citizen,No,White,2011-07-05,2018-09-26,unhappy,Voluntarily Terminated,Production       ,Michael Albert,Indeed,Fully Meets,3.18,4,0,2018-03-02,0,16,Yes,14.695890410958905,Medium,44.99178082191781,40-50
63450,0,Production Technician II,MA,1979-03-19,M ,Married,US Citizen,No,White,2013-07-08,,N/A-StillEmployed,Active,Production       ,Kelley Spirea,LinkedIn,Fully Meets,4.0,3,0,2019-02-18,0,7,No,12.684931506849315,High,47.013698630136986,40-50
51777,0,IT Support,CT,1988-10-05,F,Single,US Citizen,Yes,Black or African American,2011-01-21,,N/A-StillEmployed,Active,IT/IS,Eric Dougall,Diversity Job Fair,Exceeds,4.64,4,5,2019-01-25,0,14,No,15.147945205479452,Medium,37.45753424657534,30-40
67237,1,Production Technician II,MA,1976-12-26,F,Widowed,US Citizen,No,White,2013-07-08,2016-09-15,more money,Voluntarily Terminated,Production       ,Michael Albert,LinkedIn,Fully Meets,4.65,4,0,2016-06-10,0,15,Yes,12.684931506849315,High,49.24109589041096,40-50
73330,0,Production Technician II,MA,1982-03-28,F,Single,US Citizen,No,Black or African American,2013-08-19,,N/A-StillEmployed,Active,Production       ,Elijiah Gray,Indeed,Exceeds,4.2,4,0,2019-02-12,0,19,No,12.56986301369863,High,43.986301369863014,40-50
52057,0,Production Technician I,MA,2075-10-22,F,Married,US Citizen,No,Black or African American,2015-02-16,,N/A-StillEmployed,Active,Production       ,Elijiah Gray,Website,Fully Meets,5.0,3,0,2019-01-23,0,6,No,11.073972602739726,Medium,-49.64657534246575,
47434,1,Production Technician I,MA,2073-02-14,F,Single,US Citizen,Yes,Black or African American,2011-11-07,2015-11-14,Another position,Voluntarily Terminated,Production       ,Webster Butler,Diversity Job Fair,Exceeds,5.0,4,0,2015-02-02,0,17,Yes,14.353424657534246,Medium,-46.961643835616435,
52788,1,Production Technician I,MA,2072-11-09,M ,Widowed,US Citizen,No,White,2012-09-24,2017-09-26,hours,Voluntarily Terminated,Production       ,Amy Dunn,Indeed,Fully Meets,3.08,4,0,2017-04-01,0,18,Yes,13.471232876712328,Medium,-46.6958904109589,
45395,0,Production Technician I,MA,1986-07-07,F,Single,US Citizen,No,White,2014-01-06,,N/A-StillEmployed,Active,Production       ,Ketsia Liebig,LinkedIn,Fully Meets,4.6,4,0,2019-02-26,0,14,No,12.186301369863013,Medium,39.706849315068496,30-40
62385,0,Production Technician II,MA,1976-08-25,F,Married,US Citizen,No,White,2016-05-11,,N/A-StillEmployed,Active,Production       ,Webster Butler,LinkedIn,Fully Meets,5.0,3,0,2019-01-21,0,4,No,9.841095890410958,High,49.57808219178082,40-50
68407,1,Production Technician II,MA,1986-12-10,F,Married,US Citizen,No,Two or more races,2011-07-05,2012-08-19,Another position,Voluntarily Terminated,Production       ,Amy Dunn,LinkedIn,Fully Meets,5.0,4,0,2012-07-02,0,16,Yes,14.695890410958905,High,39.27945205479452,30-40
61349,0,Production Technician I,MA,2074-11-07,F,Married,US Citizen,No,White,2013-11-11,,N/A-StillEmployed,Active,Production       ,Brannon Miller,LinkedIn,Fully Meets,4.1,3,0,2019-01-22,0,11,No,12.33972602739726,High,-48.69041095890411,
105688,0,Software Engineer,MA,1987-11-07,F,Single,US Citizen,No,Asian,2013-11-11,,N/A-StillEmployed,Active,Software Engineering,Alex Sweetwater,Google Search,Fully Meets,4.5,5,4,2019-01-14,0,14,No,12.33972602739726,Executive,38.36986301369863,30-40
54132,0,Production Technician I,MA,1977-11-22,F,Married,US Citizen,No,White,2011-05-31,,N/A-StillEmployed,Active,Production       ,David Stanley,Indeed,Fully Meets,5.0,4,0,2019-01-10,0,8,No,14.791780821917808,Medium,48.33424657534247,40-50
55315,0,Production Technician II,MA,1987-05-21,F,Single,US Citizen,No,Black or African American,2015-03-30,,N/A-StillEmployed,Active,Production       ,Ketsia Liebig,LinkedIn,Fully Meets,5.0,5,0,2019-02-07,0,16,No,10.95890410958904,Medium,38.83561643835616,30-40
62810,0,Production Technician I,MA,1987-01-07,F,Married,US Citizen,No,Black or African American,2013-01-07,,N/A-StillEmployed,Active,Production       ,Kissy Sullivan,CareerBuilder,Fully Meets,3.93,3,0,2019-01-30,0,20,No,13.183561643835617,High,39.202739726027396,30-40
63291,0,Area Sales Manager,TX,1984-07-01,M ,Married,US Citizen,No,Two or more races,2016-07-06,,N/A-StillEmployed,Active,Sales,Lynn Daneault,Website,Fully Meets,3.4,4,0,2019-01-29,0,7,No,9.687671232876712,High,41.723287671232875,40-50
62659,1,Production Technician I,MA,2068-05-30,F,Single,US Citizen,No,Black or African American,2012-04-02,2016-11-11,Another position,Voluntarily Terminated,Production       ,Kelley Spirea,Diversity Job Fair,Fully Meets,4.18,4,0,2016-02-05,0,17,Yes,13.95068493150685,High,-42.24657534246575,
55688,0,Production Technician I,MA,1976-09-22,F,Single,US Citizen,No,White,2015-03-30,,N/A-StillEmployed,Active,Production       ,Michael Albert,CareerBuilder,Fully Meets,5.0,4,0,2019-01-21,0,10,No,10.95890410958904,Medium,49.5013698630137,40-50
83667,0,Production Manager,MA,1981-08-10,M ,Single,US Citizen,yes,Hispanic,2012-08-16,,N/A-StillEmployed,Active,Production       ,Janet King,Indeed,Fully Meets,4.37,3,0,2019-01-14,0,2,No,13.578082191780823,Executive,44.61643835616438,40-50
55800,1,Production Technician II,MA,1985-06-29,M ,Single,US Citizen,No,White,2011-08-15,2014-09-04,unhappy,Voluntarily Terminated,Production       ,Brannon Miller,LinkedIn,PIP,3.0,2,0,2013-01-14,6,6,Yes,14.583561643835617,Medium,40.728767123287675,40-50
58207,0,Production Technician II,MA,1992-08-17,M ,Married,US Citizen,No,White,2011-11-07,,N/A-StillEmployed,Active,Production       ,David Stanley,LinkedIn,Fully Meets,3.7,3,0,2019-01-08,0,14,No,14.353424657534246,Medium,33.58904109589041,30-40
157000,0,IT Manager - Infra,MA,1986-10-05,M ,Married,Eligible NonCitizen,Yes,Black or African American,2012-02-15,,N/A-StillEmployed,Active,IT/IS,Jennifer Zamora,Diversity Job Fair,Needs Improvement,2.39,3,6,2019-02-22,4,13,No,14.07945205479452,,39.46027397260274,30-40
72460,0,Production Technician II,MA,2070-04-24,F,Single,US Citizen,No,Black or African American,2013-05-13,,N/A-StillEmployed,Active,Production       ,Kissy Sullivan,Indeed,Exceeds,4.7,3,0,2019-01-14,0,1,No,12.838356164383562,High,-44.14794520547945,
72106,0,Production Technician II,MA,1976-12-03,M ,Single,US Citizen,No,Black or African American,2012-01-09,,N/A-StillEmployed,Active,Production       ,Kelley Spirea,Diversity Job Fair,Fully Meets,4.1,4,0,2019-01-31,0,12,No,14.180821917808219,High,49.3041095890411,40-50
52599,0,Network Engineer,MA,1979-04-04,F,Married,US Citizen,No,White,2015-02-16,,N/A-StillEmployed,Active,IT/IS,Peter Monroe,CareerBuilder,Fully Meets,3.81,3,6,2019-02-11,0,6,No,11.073972602739726,Medium,46.96986301369863,40-50
63430,0,Production Technician I,MA,1984-07-07,F,Divorced,US Citizen,No,White,2013-04-01,,N/A-StillEmployed,Active,Production       ,Elijiah Gray,LinkedIn,Fully Meets,4.4,4,0,2019-01-17,0,18,No,12.953424657534246,High,41.706849315068496,40-50
74417,0,Production Technician II,MA,2074-12-01,M ,Separated,US Citizen,No,Black or African American,2013-05-13,,N/A-StillEmployed,Active,Production       ,Michael Albert,LinkedIn,Fully Meets,4.29,5,0,2019-01-28,0,11,No,12.838356164383562,High,-48.75616438356165,
57575,0,Production Technician I,MA,1980-04-18,M ,Single,US Citizen,No,Asian,2013-07-08,,N/A-StillEmployed,Active,Production       ,Kissy Sullivan,LinkedIn,Fully Meets,4.1,4,0,2019-01-22,0,13,No,12.684931506849315,Medium,45.92876712328767,40-50
87921,0,Senior BI Developer,MA,2070-04-25,M ,Single,US Citizen,No,Asian,2017-02-10,,N/A-StillEmployed,Active,IT/IS,Brian Champaigne,Indeed,Fully Meets,5.0,3,6,2019-02-25,0,17,No,9.087671232876712,Executive,-44.15068493150685,
50470,1,Production Technician I,MA,1989-05-02,M ,Single,US Citizen,No,Black or African American,2011-09-26,2014-04-04,return to school,Voluntarily Terminated,Production       ,Webster Butler,Diversity Job Fair,Fully Meets,4.3,3,0,2013-03-02,0,19,Yes,14.468493150684932,Medium,36.88493150684931,30-40
46664,1,Production Technician I,MA,1983-03-28,M ,Married,US Citizen,No,White,2013-04-01,2016-05-25,more money,Voluntarily Terminated,Production       ,Amy Dunn,Employee Referral,Fully Meets,3.18,3,0,2016-03-06,0,10,Yes,12.953424657534246,Medium,42.986301369863014,40-50
48495,0,Production Technician I,MA,1977-04-08,M ,Married,US Citizen,No,White,2014-05-12,,N/A-StillEmployed,Active,Production       ,Ketsia Liebig,LinkedIn,Fully Meets,5.0,5,0,2019-02-18,0,11,No,11.841095890410958,Medium,48.95890410958904,40-50
52984,0,Production Technician I,MA,2067-06-03,F,Separated,US Citizen,No,Black or African American,2013-04-01,,N/A-StillEmployed,Active,Production       ,Brannon Miller,Diversity Job Fair,Exceeds,4.0,3,0,2019-02-13,0,12,No,12.953424657534246,Medium,-41.25479452054795,
63695,0,Area Sales Manager,GA,1989-03-31,F,Single,US Citizen,No,Two or more races,2013-07-08,,N/A-StillEmployed,Active,Sales,Lynn Daneault,Indeed,Fully Meets,5.0,5,0,2019-01-25,0,2,No,12.684931506849315,High,36.97260273972603,30-40
62061,0,Production Technician I,MA,1984-07-07,F,Single,US Citizen,No,White,2013-07-08,,N/A-StillEmployed,Active,Production       ,David Stanley,LinkedIn,Fully Meets,3.6,5,0,2019-01-02,0,4,No,12.684931506849315,High,41.706849315068496,40-50
66738,0,Production Technician II,MA,1985-11-23,F,Single,US Citizen,No,White,2014-11-10,,N/A-StillEmployed,Active,Production       ,Elijiah Gray,Indeed,Fully Meets,4.53,5,0,2019-01-16,0,5,No,11.342465753424657,High,40.326027397260276,40-50
52674,1,Production Technician I,MA,1980-09-30,F,Single,US Citizen,No,Two or more races,2014-03-31,2018-05-01,performance,Terminated for Cause,Production       ,Kissy Sullivan,LinkedIn,PIP,2.33,2,0,2018-03-09,6,3,Yes,11.956164383561644,Medium,45.47671232876712,40-50
71966,1,Production Technician II,MA,2052-02-11,F,Married,US Citizen,No,Asian,2012-05-14,2013-08-19,unhappy,Voluntarily Terminated,Production       ,Webster Butler,LinkedIn,Fully Meets,5.0,3,0,2013-07-02,0,17,Yes,13.835616438356164,High,-25.936986301369863,
63051,0,Area Sales Manager,FL,1990-05-11,F,Single,US Citizen,Yes,White,2013-09-30,,N/A-StillEmployed,Active,Sales,Lynn Daneault,Indeed,Fully Meets,4.28,3,0,2019-01-25,0,1,No,12.454794520547946,High,35.86027397260274,30-40
47414,0,Production Technician I,MA,1976-12-11,M ,Married,US Citizen,No,White,2013-09-30,,N/A-StillEmployed,Active,Production       ,Kelley Spirea,LinkedIn,Exceeds,5.0,3,0,2019-02-07,0,13,No,12.454794520547946,Medium,49.28219178082192,40-50
53060,0,Production Technician I,MA,1979-11-24,M ,Single,US Citizen,No,Black or African American,2014-02-17,,N/A-StillEmployed,Active,Production       ,Michael Albert,LinkedIn,Needs Improvement,4.25,3,0,2019-02-04,4,6,No,12.07123287671233,Medium,46.32876712328767,40-50
68829,0,Area Sales Manager,NC,1982-05-19,M ,Single,US Citizen,No,White,2015-01-05,,N/A-StillEmployed,Active,Sales,John Smith,Website,Fully Meets,5.0,5,0,2019-01-14,0,18,No,11.189041095890412,High,43.843835616438355,40-50
63515,1,Production Technician I,MA,1979-05-01,F,Married,US Citizen,No,White,2011-02-07,2014-01-12,Another position,Voluntarily Terminated,Production       ,Elijiah Gray,Google Search,Fully Meets,3.89,4,0,2013-03-04,0,7,Yes,15.101369863013698,High,46.895890410958906,40-50
108987,1,Software Engineer,MA,1979-02-20,M ,Single,US Citizen,No,Black or African American,2011-11-07,2015-09-07,Another position,Voluntarily Terminated,Software Engineering,Alex Sweetwater,Diversity Job Fair,Exceeds,5.0,5,3,2015-08-16,0,13,Yes,14.353424657534246,Executive,47.087671232876716,40-50
93093,1,Data Analyst,MA,1984-09-05,M ,Married,US Citizen,No,White,2014-12-01,2016-05-01,performance,Voluntarily Terminated,IT/IS,Simon Roup,Employee Referral,Fully Meets,4.7,4,5,2016-01-16,0,19,Yes,11.284931506849315,Executive,41.54246575342466,40-50
53564,1,Production Technician I,MA,1988-03-17,M ,Single,US Citizen,No,Black or African American,2011-01-10,2017-12-28,career change,Voluntarily Terminated,Production       ,Webster Butler,Google Search,Needs Improvement,3.54,5,0,2017-04-06,4,15,Yes,15.178082191780822,Medium,38.010958904109586,30-40
60270,1,Production Technician II,MA,1989-07-18,F,Married,US Citizen,No,Asian,2011-07-05,2015-09-15,unhappy,Voluntarily Terminated,Production       ,Amy Dunn,CareerBuilder,Needs Improvement,2.4,5,0,2015-02-06,5,2,Yes,14.695890410958905,High,36.673972602739724,30-40
45998,1,Production Technician I,MA,1986-07-20,F,Single,US Citizen,No,White,2011-05-16,2015-10-25,medical issues,Voluntarily Terminated,Production       ,Amy Dunn,LinkedIn,Fully Meets,3.45,4,0,2014-05-13,0,5,Yes,14.832876712328767,Medium,39.67123287671233,30-40
57954,1,Production Technician II,MA,1986-08-17,F,Married,US Citizen,No,White,2011-05-16,2013-02-04,more money,Voluntarily Terminated,Production       ,Ketsia Liebig,Indeed,Exceeds,4.2,5,0,2013-01-10,0,12,Yes,14.832876712328767,Medium,39.59452054794521,30-40
74669,1,Production Manager,MA,1977-05-09,F,Married,US Citizen,No,White,2010-10-25,2016-05-18,Another position,Voluntarily Terminated,Production       ,Janet King,Indeed,Fully Meets,4.16,5,0,2015-03-05,0,6,Yes,15.389041095890411,High,48.87397260273973,40-50
74226,0,Production Technician II,MA,1979-03-10,F,Married,Eligible NonCitizen,No,Asian,2012-04-02,,N/A-StillEmployed,Active,Production       ,Brannon Miller,LinkedIn,Fully Meets,4.3,3,0,2019-01-14,0,14,No,13.95068493150685,High,47.038356164383565,40-50
93554,0,Data Analyst,MA,1984-09-16,F,Married,US Citizen,No,Black or African American,2014-11-10,,N/A-StillEmployed,Active,IT/IS,Simon Roup,Employee Referral,Exceeds,4.6,5,7,2019-01-04,0,16,No,11.342465753424657,Executive,41.512328767123286,40-50
64724,1,Production Technician I,MA,1988-03-06,M ,Married,US Citizen,No,Asian,2011-07-05,2012-11-30,more money,Voluntarily Terminated,Production       ,Brannon Miller,Google Search,Fully Meets,5.0,3,0,2012-02-20,0,13,Yes,14.695890410958905,High,38.04109589041096,30-40
47001,0,Production Technician I,MA,1981-11-23,M ,Single,US Citizen,No,White,2007-11-05,,N/A-StillEmployed,Active,Production       ,David Stanley,Google Search,Fully Meets,3.66,3,0,2019-02-25,0,15,No,18.361643835616437,Medium,44.32876712328767,40-50
61844,0,Area Sales Manager,KY,1988-08-29,F,Married,US Citizen,No,Black or African American,2012-01-09,,N/A-StillEmployed,Active,Sales,Lynn Daneault,Website,Fully Meets,4.2,5,0,2019-02-01,0,9,No,14.180821917808219,High,37.558904109589044,30-40
46799,1,Production Technician I,MA,1984-10-15,F,Divorced,Eligible NonCitizen,No,Asian,2011-05-16,2018-06-04,Another position,Voluntarily Terminated,Production       ,Kissy Sullivan,Google Search,Fully Meets,3.17,4,0,2018-04-02,0,14,Yes,14.832876712328767,Medium,41.43287671232877,40-50
59472,0,Production Technician I,MA,2061-06-19,M ,Single,US Citizen,No,White,2014-01-06,,N/A-StillEmployed,Active,Production       ,Kelley Spirea,Employee Referral,Fully Meets,4.8,3,0,2019-01-07,0,14,No,12.186301369863013,Medium,-35.295890410958904,
46430,1,Production Technician I,MA,2070-09-22,F,Divorced,US Citizen,No,White,2012-09-24,2013-06-18,unhappy,Voluntarily Terminated,Production       ,Kissy Sullivan,Indeed,Fully Meets,4.5,5,0,2013-04-02,0,16,Yes,13.471232876712328,Medium,-44.56164383561644,
83363,1,Software Engineer,MA,1984-11-06,M ,Married,Eligible NonCitizen,No,Black or African American,2011-02-21,2015-08-15,career change,Voluntarily Terminated,Software Engineering,Janet King,Diversity Job Fair,Fully Meets,4.15,4,0,2014-04-19,0,4,Yes,15.063013698630137,Executive,41.37260273972603,40-50
95920,0,BI Developer,MA,1980-05-12,F,Married,US Citizen,No,Black or African American,2016-10-02,,N/A-StillEmployed,Active,IT/IS,Brian Champaigne,Indeed,Fully Meets,4.4,4,6,2019-02-06,0,10,No,9.446575342465753,Executive,45.863013698630134,40-50
61729,1,Production Technician I,MA,1984-12-31,M ,Divorced,US Citizen,No,White,2011-09-26,2018-04-07,more money,Voluntarily Terminated,Production       ,Michael Albert,Indeed,Fully Meets,3.8,5,0,2018-02-04,0,19,Yes,14.468493150684932,High,41.221917808219175,40-50
61809,0,Area Sales Manager,ID,2054-10-12,M ,Married,US Citizen,No,White,2014-05-12,,N/A-StillEmployed,Active,Sales,John Smith,CareerBuilder,Fully Meets,3.98,3,0,2019-01-28,0,4,No,11.841095890410958,High,-28.605479452054794,
45115,1,Production Technician I,MA,1982-07-22,M ,Divorced,US Citizen,Yes,White,2011-05-16,2016-01-15,retiring,Voluntarily Terminated,Production       ,Elijiah Gray,LinkedIn,Fully Meets,5.0,4,0,2015-03-30,0,11,Yes,14.832876712328767,Medium,43.66849315068493,40-50
46738,0,Production Technician I,MA,2073-01-12,F,Married,US Citizen,No,Asian,2011-11-28,,N/A-StillEmployed,Active,Production       ,Webster Butler,Google Search,Exceeds,4.36,5,0,2019-02-11,0,16,No,14.295890410958904,Medium,-46.87123287671233,
64971,1,Production Technician II,MA,1981-09-05,F,Divorced,Eligible NonCitizen,No,Black or African American,2011-09-26,2011-10-22,return to school,Voluntarily Terminated,Production       ,David Stanley,Google Search,Fully Meets,4.5,4,0,2011-10-22,0,10,Yes,14.468493150684932,High,44.54520547945206,40-50
55578,1,Production Technician II,MA,2072-07-03,M ,Married,US Citizen,No,White,2011-07-05,2012-02-08,Another position,Voluntarily Terminated,Production       ,Kissy Sullivan,Indeed,Fully Meets,4.2,5,0,2012-01-06,0,13,Yes,14.695890410958905,Medium,-46.342465753424655,
50428,1,Production Technician I,MA,2074-01-07,M ,Married,US Citizen,No,Black or African American,2011-01-10,2016-01-26,attendance,Voluntarily Terminated,Production       ,Amy Dunn,Indeed,Fully Meets,5.0,3,0,2015-01-10,0,11,Yes,15.178082191780822,Medium,-47.85753424657534,
61422,1,Production Technician I,MA,1985-01-07,F,Married,US Citizen,No,White,2011-01-10,2016-05-17,attendance,Terminated for Cause,Production       ,Ketsia Liebig,Indeed,Needs Improvement,3.6,3,0,2016-04-05,4,16,Yes,15.178082191780822,High,41.202739726027396,40-50
63353,0,Production Technician I,MA,1985-01-28,M ,Widowed,US Citizen,No,White,2013-07-08,,N/A-StillEmployed,Active,Production       ,Brannon Miller,Employee Referral,Exceeds,3.6,5,0,2019-02-11,0,4,No,12.684931506849315,High,41.14520547945205,40-50
89883,0,Data Analyst,MA,1981-10-11,F,Married,US Citizen,No,White,2015-02-16,,N/A-StillEmployed,Active,IT/IS,Simon Roup,Employee Referral,Fully Meets,3.69,5,6,2019-02-14,0,15,No,11.073972602739726,Executive,44.446575342465756,40-50
120000,1,Principal Data Architect,MA,2073-05-27,F,Single,US Citizen,Yes,White,2015-01-05,2018-11-10,Another position,Voluntarily Terminated,IT/IS,Simon Roup,LinkedIn,Fully Meets,3.88,3,7,2018-02-13,0,12,Yes,11.189041095890412,Executive,-47.24109589041096,
150290,0,Data Architect,MA,2072-11-21,F,Single,US Citizen,No,Black or African American,2017-01-07,,N/A-StillEmployed,Active,IT/IS,Brian Champaigne,Indeed,Fully Meets,4.94,3,5,2019-02-06,0,17,No,9.180821917808219,,-46.728767123287675,
60627,0,Production Technician I,MA,2074-12-05,F,Separated,US Citizen,No,White,2014-01-06,,N/A-StillEmployed,Active,Production       ,David Stanley,Website,Fully Meets,5.0,4,0,2019-01-31,0,8,No,12.186301369863013,High,-48.76712328767123,
53180,1,Production Technician I,MA,1987-03-18,M ,Single,US Citizen,No,White,2011-04-04,2018-08-13,Another position,Voluntarily Terminated,Production       ,Kissy Sullivan,Google Search,Fully Meets,5.0,5,0,2018-07-02,0,4,Yes,14.947945205479453,Medium,39.010958904109586,30-40
140920,0,IT Manager - DB,MA,2073-04-05,M ,Single,US Citizen,No,White,2013-01-20,,N/A-StillEmployed,Active,IT/IS,Jennifer Zamora,Indeed,Fully Meets,3.6,5,7,2019-02-18,0,13,No,13.147945205479452,,-47.0986301369863,
148999,1,IT Manager - DB,MA,2064-01-04,M ,Divorced,US Citizen,No,Black or African American,2012-01-09,2015-11-04,hours,Voluntarily Terminated,IT/IS,Jennifer Zamora,Diversity Job Fair,Fully Meets,4.3,4,6,2015-01-04,0,8,Yes,14.180821917808219,,-37.84109589041096,
86214,0,Software Engineer,MA,1986-07-24,F,Married,US Citizen,No,White,2012-11-05,,N/A-StillEmployed,Active,Software Engineering,Alex Sweetwater,Indeed,Fully Meets,4.2,3,6,2019-02-13,0,2,No,13.356164383561644,Executive,39.66027397260274,30-40
47750,0,Production Technician I,MA,2068-06-06,F,Single,US Citizen,No,Black or African American,2016-07-04,,N/A-StillEmployed,Active,Production       ,Kelley Spirea,Diversity Job Fair,Needs Improvement,2.6,4,0,2019-02-18,5,4,No,9.693150684931506,Medium,-42.26575342465753,
46428,1,Production Technician I,MA,2074-12-21,M ,Single,US Citizen,No,White,2009-01-05,2018-07-30,relocation out of area,Voluntarily Terminated,Production       ,Michael Albert,Google Search,Fully Meets,4.6,5,0,2018-02-05,0,7,Yes,17.19178082191781,Medium,-48.81095890410959,
57975,0,Production Technician II,MA,1986-04-26,M ,Married,US Citizen,No,White,2010-08-30,,N/A-StillEmployed,Active,Production       ,Kelley Spirea,CareerBuilder,Fully Meets,4.1,3,0,2019-01-10,0,13,No,15.542465753424658,Medium,39.9041095890411,30-40
88527,1,Data Analyst ,MA,1987-12-17,M ,Divorced,US Citizen,No,Black or African American,2015-01-05,2015-10-31,hours,Voluntarily Terminated,IT/IS,Simon Roup,LinkedIn,Fully Meets,4.2,3,5,2015-04-20,0,2,Yes,11.189041095890412,Executive,38.26027397260274,30-40
56147,0,Production Technician I,MA,1988-07-10,F,Married,US Citizen,No,Black or African American,2014-09-29,,N/A-StillEmployed,Active,Production       ,Elijiah Gray,LinkedIn,Fully Meets,3.51,3,0,2019-02-18,0,2,No,11.457534246575342,Medium,37.6958904109589,30-40
50923,0,Production Technician I,MA,2075-03-10,F,Single,US Citizen,No,Asian,2013-09-30,,N/A-StillEmployed,Active,Production       ,Webster Butler,Google Search,Fully Meets,5.0,5,0,2019-02-06,0,14,No,12.454794520547946,Medium,-49.02739726027397,
50750,0,Network Engineer,MA,1981-04-14,F,Married,US Citizen,No,White,2014-09-30,,N/A-StillEmployed,Active,IT/IS,Peter Monroe,LinkedIn,Fully Meets,3.31,3,6,2019-01-07,0,7,No,11.454794520547946,Medium,44.93972602739726,40-50
52087,0,Production Technician I,MA,1985-08-24,F,Married,US Citizen,No,White,2013-08-19,,N/A-StillEmployed,Active,Production       ,Amy Dunn,LinkedIn,Fully Meets,4.81,4,0,2019-02-15,0,15,No,12.56986301369863,Medium,40.57534246575342,40-50
87826,0,Data Analyst,MA,2070-02-08,M ,Married,US Citizen,Yes,White,2015-01-05,,N/A-StillEmployed,Active,IT/IS,Simon Roup,Employee Referral,Fully Meets,3.32,3,7,2019-01-14,0,16,No,11.189041095890412,Executive,-43.942465753424656,
51920,0,Administrative Assistant,MA,1988-05-19,F,Single,US Citizen,No,White,2015-05-01,,N/A-StillEmployed,Active,Admin Offices,Brandon R. LeBlanc,Website,Fully Meets,5.0,3,5,2019-01-15,0,2,No,10.871232876712329,Medium,37.83835616438356,30-40
63878,1,Production Technician II,MA,1987-11-25,F,Single,US Citizen,No,White,2009-10-26,2015-04-08,maternity leave - did not return,Voluntarily Terminated,Production       ,Michael Albert,CareerBuilder,Fully Meets,4.68,4,0,2015-04-02,0,20,Yes,16.386301369863013,High,38.320547945205476,30-40
60656,0,Production Technician II,MA,2063-10-30,M ,Single,US Citizen,No,White,2014-09-29,,N/A-StillEmployed,Active,Production       ,Elijiah Gray,Indeed,Exceeds,4.3,3,0,2019-01-28,0,4,No,11.457534246575342,High,-37.66027397260274,
72992,0,Sales Manager,MA,1984-08-16,M ,Divorced,US Citizen,No,Black or African American,2014-05-18,,N/A-StillEmployed,Active,Sales,Debra Houlihan,Diversity Job Fair,Needs Improvement,2.4,4,0,2019-01-16,2,16,No,11.824657534246576,High,41.5972602739726,40-50
55000,1,Administrative Assistant,MA,1987-06-14,F,Married,US Citizen,No,Black or African American,2011-09-26,2013-09-25,career change,Voluntarily Terminated,Admin Offices,Brandon R. LeBlanc,Diversity Job Fair,Fully Meets,3.8,4,4,2013-08-15,0,17,Yes,14.468493150684932,Medium,38.76986301369863,30-40
58939,0,Production Technician I,MA,2065-02-02,F,Single,US Citizen,No,White,2013-11-11,,N/A-StillEmployed,Active,Production       ,Ketsia Liebig,Employee Referral,Fully Meets,3.73,3,0,2019-01-24,0,16,No,12.33972602739726,Medium,-38.92328767123288,
66593,0,IT Support,MA,2073-03-12,F,Married,US Citizen,No,Black or African American,2011-06-10,,N/A-StillEmployed,Active,IT/IS,Eric Dougall,LinkedIn,Fully Meets,4.3,3,5,2019-02-08,0,19,No,14.764383561643836,High,-47.032876712328765,
87565,0,Sr. Network Engineer,MA,1983-02-09,M ,Married,US Citizen,No,Asian,2016-06-30,,N/A-StillEmployed,Active,IT/IS,Peter Monroe,LinkedIn,Fully Meets,3.27,4,5,2019-01-14,0,13,No,9.704109589041096,Executive,43.11506849315069,40-50
64021,0,Production Technician I,MA,2068-07-20,F,Married,US Citizen,No,White,2012-02-20,,N/A-StillEmployed,Active,Production       ,Brannon Miller,Indeed,PIP,2.4,2,1,2019-02-25,6,20,No,14.065753424657535,High,-42.38630136986301,
65714,0,Production Manager,MA,2075-09-30,F,Married,US Citizen,No,White,2012-10-02,,N/A-StillEmployed,Active,Production       ,Janet King,LinkedIn,Fully Meets,4.83,5,0,2019-02-14,0,15,No,13.449315068493151,High,-49.586301369863016,
62425,1,Production Technician I,MA,2073-03-26,F,Divorced,US Citizen,No,White,2013-05-13,2015-06-29,unhappy,Voluntarily Terminated,Production       ,David Stanley,LinkedIn,Exceeds,4.1,4,0,2015-03-02,0,16,Yes,12.838356164383562,High,-47.07123287671233,
47961,0,Production Technician I,MA,1982-08-25,F,Divorced,US Citizen,No,Two or more races,2011-01-10,,N/A-StillEmployed,Active,Production       ,Kissy Sullivan,Google Search,Fully Meets,4.1,4,0,2019-02-07,0,9,No,15.178082191780822,Medium,43.57534246575342,40-50
58273,0,Area Sales Manager,NV,2074-05-09,M ,Married,US Citizen,No,White,2014-05-12,,N/A-StillEmployed,Active,Sales,Lynn Daneault,Website,PIP,1.81,2,0,2019-01-17,3,5,No,11.841095890410958,Medium,-48.19178082191781,
63003,0,Accountant I,MA,1986-09-01,M ,Single,US Citizen,No,White,2014-09-29,,N/A-StillEmployed,Active,Admin Offices,Brandon R. LeBlanc,Indeed,Fully Meets,3.9,5,5,2019-01-18,0,9,No,11.457534246575342,High,39.553424657534244,30-40
61355,0,Production Technician I,MA,1985-03-14,M ,Married,US Citizen,No,Asian,2014-02-17,,N/A-StillEmployed,Active,Production       ,Kelley Spirea,LinkedIn,Fully Meets,4.7,3,0,2019-01-11,0,4,No,12.07123287671233,High,41.02191780821918,40-50
60120,0,Area Sales Manager,MT,1989-05-12,F,Married,US Citizen,No,Black or African American,2010-09-27,,N/A-StillEmployed,Active,Sales,John Smith,Indeed,Fully Meets,4.1,4,0,2019-01-31,0,18,No,15.465753424657533,High,36.85753424657534,30-40
63682,0,Production Manager,MA,1978-03-28,F,Married,US Citizen,No,Black or African American,2009-01-08,,N/A-StillEmployed,Active,Production       ,Janet King,Indeed,Fully Meets,3.73,4,0,2019-01-24,0,12,No,17.183561643835617,High,47.989041095890414,40-50
63025,0,Production Technician I,MA,1982-10-07,M ,Married,US Citizen,Yes,White,2015-01-05,,N/A-StillEmployed,Active,Production       ,Michael Albert,Google Search,Fully Meets,4.36,5,0,2019-01-24,0,10,No,11.189041095890412,High,43.45753424657534,40-50
59238,0,Production Technician I,MA,2068-08-15,F,Single,Eligible NonCitizen,No,Asian,2012-05-14,,N/A-StillEmployed,Active,Production       ,Elijiah Gray,Indeed,Fully Meets,3.4,5,0,2019-01-31,0,13,No,13.835616438356164,Medium,-42.45753424657534,
92989,0,Software Engineer,MA,1983-05-06,M ,Single,US Citizen,No,White,2014-07-07,,N/A-StillEmployed,Active,Software Engineering,Alex Sweetwater,LinkedIn,Exceeds,4.5,5,5,2019-02-18,0,1,No,11.687671232876712,Executive,42.87945205479452,40-50
90100,0,BI Developer,MA,1987-10-24,M ,Married,US Citizen,No,White,2017-04-20,,N/A-StillEmployed,Active,IT/IS,Brian Champaigne,Indeed,Fully Meets,3.4,3,6,2019-01-02,0,14,No,8.898630136986302,Executive,38.40821917808219,30-40
60754,1,Production Technician I,MA,2075-04-03,F,Married,Non-Citizen,No,Black or African American,2009-04-27,2013-04-01,Another position,Voluntarily Terminated,Production       ,Webster Butler,Diversity Job Fair,Fully Meets,4.5,5,0,2012-02-15,0,11,Yes,16.884931506849316,High,-49.09315068493151,
72202,1,Production Technician II,MA,2053-05-24,F,Married,US Citizen,No,White,2011-05-16,2017-07-08,Another position,Voluntarily Terminated,Production       ,Elijiah Gray,Google Search,Fully Meets,3.93,3,0,2017-04-18,0,3,Yes,14.832876712328767,High,-27.21917808219178,
58370,0,Area Sales Manager,OR,2065-05-07,F,Single,US Citizen,No,Black or African American,2014-09-29,,N/A-StillEmployed,Active,Sales,Lynn Daneault,Indeed,Fully Meets,3.69,3,0,2019-01-28,0,18,No,11.457534246575342,Medium,-39.18082191780822,
48413,1,Production Technician I,MA,2065-05-09,F,Single,US Citizen,No,White,2011-07-05,2016-09-05,return to school,Voluntarily Terminated,Production       ,Amy Dunn,Indeed,Fully Meets,3.98,4,0,2016-03-02,0,1,Yes,14.695890410958905,Medium,-39.18630136986302,
67176,1,Production Technician II,MA,2075-09-16,M ,Widowed,US Citizen,No,White,2007-06-25,2010-08-30,military,Voluntarily Terminated,Production       ,Webster Butler,Other,Fully Meets,4.1,4,0,2010-07-14,0,15,Yes,18.726027397260275,High,-49.54794520547945,
56339,0,Production Technician I,MA,2067-06-05,F,Divorced,US Citizen,No,Black or African American,2013-02-18,,N/A-StillEmployed,Active,Production       ,Brannon Miller,Indeed,Fully Meets,4.21,5,0,2019-01-14,0,4,No,13.068493150684931,Medium,-41.26027397260274,
64397,0,Area Sales Manager,ND,2068-01-15,M ,Separated,US Citizen,No,White,2006-01-09,,N/A-StillEmployed,Active,Sales,Lynn Daneault,Indeed,Exceeds,4.1,3,0,2019-01-04,0,6,No,20.183561643835617,High,-41.87397260273973,
63025,0,Production Technician I,MA,1983-05-16,F,Single,US Citizen,No,White,2014-02-17,,N/A-StillEmployed,Active,Production       ,David Stanley,LinkedIn,Needs Improvement,2.44,5,0,2019-02-11,4,18,No,12.07123287671233,High,42.85205479452055,40-50
75281,1,Network Engineer,MA,1988-05-05,M ,Married,US Citizen,No,White,2015-01-05,2016-02-12,medical issues,Voluntarily Terminated,IT/IS,Peter Monroe,CareerBuilder,Fully Meets,5.0,3,5,2015-04-15,0,11,Yes,11.189041095890412,High,37.87671232876713,30-40
100416,1,Software Engineer,MA,1983-06-14,M ,Single,Non-Citizen,No,Black or African American,2013-02-18,2018-04-15,medical issues,Voluntarily Terminated,Software Engineering,Alex Sweetwater,Diversity Job Fair,Fully Meets,4.6,3,4,2017-02-12,0,9,Yes,13.068493150684931,Executive,42.772602739726025,40-50
74813,1,Production Technician II,MA,1985-03-15,F,Single,US Citizen,No,White,2011-01-10,2014-07-02,unhappy,Voluntarily Terminated,Production       ,Amy Dunn,LinkedIn,Fully Meets,4.4,3,0,2014-01-05,0,5,Yes,15.178082191780822,High,41.01917808219178,40-50
76029,0,Network Engineer,MA,2069-03-31,M ,Married,Eligible NonCitizen,No,White,2015-03-30,,N/A-StillEmployed,Active,IT/IS,Peter Monroe,Employee Referral,Fully Meets,5.0,4,7,2019-01-14,0,8,No,10.95890410958904,High,-43.082191780821915,
57859,0,Area Sales Manager,AZ,1991-05-23,F,Married,US Citizen,No,Two or more races,2011-07-05,,N/A-StillEmployed,Active,Sales,John Smith,Indeed,Fully Meets,2.81,3,0,2019-01-17,0,16,No,14.695890410958905,Medium,34.827397260273976,30-40
58523,1,Production Technician I,MA,1987-01-31,M ,Divorced,US Citizen,No,White,2012-08-13,2016-02-05,maternity leave - did not return,Voluntarily Terminated,Production       ,Kissy Sullivan,LinkedIn,Exceeds,4.5,5,0,2016-02-01,0,15,Yes,13.586301369863014,Medium,39.136986301369866,30-40
88976,0,Production Manager,MA,2068-10-10,M ,Divorced,US Citizen,No,White,2011-08-01,,N/A-StillEmployed,Active,Production       ,Janet King,Employee Referral,Fully Meets,3.93,3,0,2019-02-27,0,19,No,14.621917808219179,Executive,-42.61095890410959,
55875,0,Area Sales Manager,ME,1989-07-11,M ,Single,US Citizen,No,Asian,2012-03-05,,N/A-StillEmployed,Active,Sales,John Smith,Website,Fully Meets,4.5,4,0,2019-01-18,0,11,No,14.027397260273972,Medium,36.69315068493151,30-40
113999,1,Database Administrator,MA,1986-08-07,M ,Married,US Citizen,No,Black or African American,2015-02-16,2017-02-22,"no-call, no-show",Terminated for Cause,IT/IS,Simon Roup,Employee Referral,Fully Meets,4.33,3,7,2017-02-15,0,9,Yes,11.073972602739726,Executive,39.62191780821918,30-40
49773,1,Production Technician I,MA,1986-06-03,F,Married,US Citizen,No,White,2011-09-26,2016-02-08,gross misconduct,Terminated for Cause,Production       ,Kelley Spirea,Google Search,Exceeds,4.3,5,0,2015-02-01,0,18,Yes,14.468493150684932,Medium,39.8,30-40
62068,0,Production Technician I,MA,1985-04-06,F,Single,US Citizen,No,White,2015-07-05,,N/A-StillEmployed,Active,Production       ,Michael Albert,LinkedIn,Fully Meets,3.21,3,0,2019-01-29,0,7,No,10.693150684931506,High,40.95890410958904,40-50
66541,0,Production Technician II,MA,1976-02-10,M ,Single,US Citizen,No,Black or African American,2014-08-18,,N/A-StillEmployed,Active,Production       ,Ketsia Liebig,Employee Referral,Fully Meets,3.11,5,0,2019-02-12,0,4,No,11.572602739726028,High,50.11780821917808,50+
80512,1,Production Manager,MA,2055-11-14,F,Married,US Citizen,No,Black or African American,2011-09-26,2012-01-02,Another position,Voluntarily Terminated,Production       ,Janet King,Diversity Job Fair,Fully Meets,4.5,3,0,2012-01-02,0,5,Yes,14.468493150684932,Executive,-29.695890410958903,
50274,1,Production Technician I,MA,1980-08-02,F,Single,US Citizen,No,White,2012-08-13,2015-09-01,career change,Voluntarily Terminated,Production       ,Elijiah Gray,CareerBuilder,Needs Improvement,2.5,3,0,2014-09-05,6,13,Yes,13.586301369863014,Medium,45.63835616438356,40-50
84903,0,Senior BI Developer,MA,1981-07-08,M ,Single,US Citizen,No,Asian,2017-02-15,,N/A-StillEmployed,Active,IT/IS,Brian Champaigne,Indeed,Fully Meets,3.42,4,7,2019-01-04,0,17,No,9.073972602739726,Executive,44.706849315068496,40-50
107226,0,Sr. Network Engineer,MA,1978-05-02,F,Widowed,US Citizen,No,Asian,2015-03-30,,N/A-StillEmployed,Active,IT/IS,Peter Monroe,Employee Referral,Fully Meets,4.2,4,8,2019-02-05,0,7,No,10.95890410958904,Executive,47.893150684931506,40-50
58371,1,Production Technician I,MA,1987-05-24,M ,Single,US Citizen,Yes,White,2011-01-10,2014-05-15,hours,Voluntarily Terminated,Production       ,Webster Butler,LinkedIn,Fully Meets,5.0,5,0,2014-05-15,0,11,Yes,15.178082191780822,Medium,38.827397260273976,30-40
55140,1,Production Technician I,MA,2065-09-09,M ,Married,Eligible NonCitizen,No,White,2011-05-16,2015-09-07,unhappy,Voluntarily Terminated,Production       ,Amy Dunn,Website,Fully Meets,5.0,3,0,2015-02-15,0,7,Yes,14.832876712328767,Medium,-39.52328767123288,
58062,1,Production Technician I,MA,1983-07-30,F,Divorced,US Citizen,No,White,2011-01-10,2012-05-14,Another position,Voluntarily Terminated,Production       ,Ketsia Liebig,Google Search,Fully Meets,3.6,5,0,2011-02-06,0,9,Yes,15.178082191780822,Medium,42.64657534246575,40-50
59728,1,Production Technician I,MA,2069-10-02,F,Single,US Citizen,Yes,Black or African American,2012-01-09,2015-06-27,relocation out of area,Voluntarily Terminated,Production       ,Ketsia Liebig,Diversity Job Fair,Fully Meets,4.3,4,0,2014-06-02,0,16,Yes,14.180821917808219,Medium,-43.58904109589041,
70507,1,Production Technician II,MA,2058-11-07,M ,Single,US Citizen,No,White,2013-01-07,2016-02-21,retiring,Voluntarily Terminated,Production       ,Brannon Miller,LinkedIn,Exceeds,5.0,3,0,2016-01-19,0,7,Yes,13.183561643835617,High,-32.679452054794524,
60446,0,Production Technician II,MA,1985-04-20,F,Single,US Citizen,No,White,2014-09-29,,N/A-StillEmployed,Active,Production       ,David Stanley,LinkedIn,Fully Meets,3.4,4,0,2019-02-21,0,14,No,11.457534246575342,High,40.92054794520548,40-50
65893,0,Production Technician II,MA,1985-05-11,M ,Single,US Citizen,No,White,2014-07-07,,N/A-StillEmployed,Active,Production       ,Kissy Sullivan,LinkedIn,Fully Meets,4.07,4,0,2019-02-28,0,13,No,11.687671232876712,High,40.863013698630134,40-50
48513,1,Production Technician I,MA,1982-05-04,F,Single,US Citizen,No,Asian,2008-09-02,2015-09-29,Another position,Voluntarily Terminated,Production       ,Brannon Miller,Google Search,PIP,3.2,2,0,2015-09-02,5,4,Yes,17.534246575342465,Medium,43.88493150684931,40-50
220450,0,CIO,MA,1979-08-30,F,Single,US Citizen,No,White,2010-04-10,,N/A-StillEmployed,Active,IT/IS,Janet King,Employee Referral,Exceeds,4.6,5,6,2019-02-21,0,16,No,15.931506849315069,,46.56438356164384,40-50
89292,0,Data Analyst,MA,1979-02-24,F,Single,US Citizen,No,White,2015-03-30,,N/A-StillEmployed,Active,IT/IS,Simon Roup,Employee Referral,Fully Meets,5.0,3,5,2019-02-01,0,11,No,10.95890410958904,Executive,47.07671232876712,40-50
45046,0,Production Technician I,MA,1978-08-17,F,Widowed,US Citizen,No,Asian,2014-09-29,,N/A-StillEmployed,Active,Production       ,David Stanley,LinkedIn,Fully Meets,4.5,5,0,2019-01-30,0,2,No,11.457534246575342,Medium,47.6,40-50
